City_ID,City,Country,Lat,Lng,Max Temp,Humidity,Cloudiness,Wind Speed,Current Description
0,East London,ZA,-33.0153,27.9116,67.93,81,93,2.51,overcast clouds
1,Busselton,AU,-33.65,115.3333,53.01,96,100,9.35,overcast clouds
2,Ushuaia,AR,-54.8,-68.3,50.0,53,0,0.51,clear sky
3,Punta Arenas,CL,-53.15,-70.9167,46.4,66,0,9.22,clear sky
4,Sergeyevka,KZ,53.88,67.4158,40.17,71,49,5.3,scattered clouds
5,Clyde River,CA,70.4692,-68.5914,12.2,92,75,26.46,snow
6,Ilulissat,GL,69.2167,-51.1,26.6,54,6,8.05,clear sky
7,Bharatpur,IN,27.2167,77.4833,76.6,35,3,5.93,clear sky
8,Hermanus,ZA,-34.4187,19.2345,64.0,84,19,4.0,few clouds
9,Bredasdorp,ZA,-34.5322,20.0403,60.8,94,97,9.22,overcast clouds
10,Inhambane,MZ,-23.865,35.3833,69.8,94,20,6.15,few clouds
11,Hambantota,LK,6.1241,81.1185,79.2,83,28,10.36,scattered clouds
12,Saint George,US,37.1041,-113.5841,79.0,6,1,26.46,clear sky
13,Aasiaat,GL,68.7098,-52.8699,23.25,78,22,14.65,few clouds
14,Jaslo,PL,49.7451,21.4725,50.0,84,18,1.99,few clouds
15,Saint-Philippe,RE,-21.3585,55.7679,77.0,83,75,16.11,broken clouds
16,Paita,PE,-5.0892,-81.1144,84.2,54,0,16.11,clear sky
17,Margate,GB,51.3813,1.3862,46.99,74,13,5.01,few clouds
18,Vuktyl,RU,63.8567,57.3094,37.69,83,100,8.19,overcast clouds
19,Arraial Do Cabo,BR,-22.9661,-42.0278,73.4,83,40,9.22,scattered clouds
20,Dikson,RU,73.5069,80.5464,28.76,95,100,14.41,overcast clouds
21,Port Alfred,ZA,-33.5906,26.891,70.47,81,55,9.89,light rain
22,Sistranda,NO,63.7256,8.834,37.4,75,75,12.66,light rain
23,Cape Town,ZA,-33.9258,18.4232,66.2,77,0,9.22,clear sky
24,Dakar,SN,14.6937,-17.4441,69.8,83,0,13.8,clear sky
25,Sao Francisco,BR,-15.9486,-44.8644,84.49,41,88,1.74,overcast clouds
26,Skibotn,NO,69.3913,20.2679,33.8,64,75,5.75,light snow
27,Horodyshche,UA,49.2849,31.4451,45.01,76,24,8.55,few clouds
28,Jamestown,US,42.097,-79.2353,34.0,64,90,11.5,light snow
29,Santo Domingo,DO,18.5001,-69.9886,89.6,55,20,13.8,few clouds
30,Santa Cruz,BO,-17.8,-63.1667,84.2,78,75,11.5,broken clouds
31,Caravelas,BR,-17.7125,-39.2481,77.49,80,100,4.81,overcast clouds
32,Laguna,US,38.421,-121.4238,75.99,30,1,3.44,clear sky
33,Saint Anthony,US,45.0205,-93.218,42.01,41,90,8.05,overcast clouds
34,Lagoa,PT,39.05,-27.9833,63.34,91,100,25.23,overcast clouds
35,Alenquer,BR,-1.9417,-54.7383,84.2,70,20,5.75,few clouds
36,Zaysan,KZ,47.4667,84.8667,23.83,67,2,9.8,clear sky
37,Ostrovnoy,RU,68.0531,39.5131,36.7,71,100,6.91,overcast clouds
38,Maniitsoq,GL,65.4167,-52.9,34.84,78,6,9.1,clear sky
39,Taki,IN,22.5861,88.9214,78.8,78,75,5.75,moderate rain
40,Souillac,MU,-20.5167,57.5167,77.0,94,75,9.22,light rain
41,Mhlambanyatsi,SZ,-26.45,31.0167,100.4,67,6,9.22,clear sky
42,Trinidad,BO,-14.8333,-64.9,82.4,83,40,6.91,scattered clouds
43,Longyearbyen,SJ,78.2186,15.6401,23.0,68,75,16.11,broken clouds
44,Saint-Michel-Des-Saints,CA,46.6834,-73.9159,30.99,40,100,7.72,overcast clouds
45,Ravar,IR,31.2656,56.8055,75.0,18,2,4.68,clear sky
46,Kelo,TD,9.3086,15.8066,87.55,38,55,12.08,broken clouds
47,Moose Factory,CA,51.2585,-80.6094,26.6,54,90,11.5,overcast clouds
48,Pangnirtung,CA,66.1451,-65.7125,28.4,69,90,18.41,snow
49,Victoria,HK,22.2855,114.1577,73.0,82,0,6.33,clear sky
50,Gobabis,NA,-22.45,18.9667,61.9,34,50,10.31,scattered clouds
51,Namibe,AO,-15.1961,12.1522,80.1,81,41,6.58,scattered clouds
52,Sinnamary,GF,5.3833,-52.95,78.57,87,100,12.3,overcast clouds
53,Llanes,ES,43.4198,-4.7549,57.0,81,100,11.05,overcast clouds
54,Puerto Ayacucho,VE,5.6639,-67.6236,94.41,36,69,2.44,broken clouds
55,Copiapo,CL,-27.3667,-70.3333,68.0,56,0,19.57,clear sky
56,Touros,BR,-5.1989,-35.4608,84.2,70,20,14.97,few clouds
57,Qaanaaq,GL,77.484,-69.3632,14.95,73,100,8.12,overcast clouds
58,Torbay,CA,47.6666,-52.7314,51.01,57,20,18.41,few clouds
59,Maragogi,BR,-9.0122,-35.2225,79.57,79,71,8.46,broken clouds
60,Mahebourg,MU,-20.4081,57.7,77.0,94,75,9.22,light rain
61,Alakurtti,RU,66.9672,30.3491,37.0,68,100,2.95,overcast clouds
62,Upernavik,GL,72.7868,-56.1549,17.76,71,100,6.93,overcast clouds
63,Pangody,RU,65.85,74.4859,27.32,95,100,11.3,overcast clouds
64,Rudnichnyy,RU,59.617,52.4703,44.62,51,100,11.83,overcast clouds
65,Traverse City,US,44.7631,-85.6206,37.4,41,75,10.36,broken clouds
66,Darab,IR,28.7519,54.5444,76.51,20,66,5.26,broken clouds
67,Ust-Charyshskaya Pristan,RU,52.3934,83.6635,28.81,76,100,2.89,overcast clouds
68,Sioux Lookout,CA,50.1001,-91.917,37.4,38,40,9.22,scattered clouds
69,Devrek,TR,41.2192,31.9558,49.64,83,62,3.09,broken clouds
70,Bondoukou,CI,8.0333,-2.8,80.29,67,30,3.24,scattered clouds
71,Agnibilekrou,CI,7.1344,-3.2047,77.05,85,36,4.27,moderate rain
72,Chuy,UY,-33.6971,-53.4616,69.39,65,2,15.37,clear sky
73,Bambous Virieux,MU,-20.3428,57.7575,78.01,94,75,9.22,light rain
74,Talnakh,RU,69.4865,88.3972,12.4,95,100,9.98,light snow
75,Lima,PE,-12.0432,-77.0282,73.99,73,0,9.22,clear sky
76,Toamasina,MG,-18.1667,49.3833,77.0,88,75,5.75,light rain
77,Cidreira,BR,-30.1811,-50.2056,70.7,67,100,17.78,overcast clouds
78,Luanda,AO,-8.8368,13.2343,80.22,87,12,5.06,light rain
79,Tevriz,RU,57.509,72.4042,26.19,84,12,3.94,few clouds
80,Snasa,NO,64.2457,12.3778,35.6,64,40,4.61,scattered clouds
81,Salalah,OM,17.0151,54.0924,82.4,74,20,3.44,few clouds
82,Georgetown,MY,5.4112,100.3354,80.6,89,40,2.3,scattered clouds
83,Sambava,MG,-14.2667,50.1667,75.29,90,100,7.2,light rain
84,Road Town,VG,18.4167,-64.6167,78.8,73,40,13.8,scattered clouds
85,Ponta Do Sol,PT,32.6667,-17.1,64.0,90,92,4.0,overcast clouds
86,Grindavik,IS,63.8424,-22.4338,42.8,87,90,11.5,overcast clouds
87,Iranshahr,IR,27.2025,60.6848,86.0,12,0,5.97,clear sky
88,Meulaboh,ID,4.1363,96.1285,77.18,87,89,3.22,overcast clouds
89,Arnedo,ES,42.2167,-2.1,60.8,55,0,6.91,clear sky
90,Tazmalt,DZ,36.3868,4.3989,61.75,65,100,3.78,overcast clouds
91,Filingue,NE,14.3521,3.3168,95.77,8,24,10.67,few clouds
92,Acara,BR,-1.9608,-48.1967,77.86,84,99,2.28,overcast clouds
93,Sundby,DK,54.864,11.793,44.01,58,7,7.0,clear sky
94,Gwanda,ZW,-20.9333,29.0,58.28,61,0,5.55,clear sky
95,Shakawe,BW,-18.3667,21.85,64.49,49,2,5.95,clear sky
96,Correntina,BR,-13.3433,-44.6367,77.16,66,97,0.94,overcast clouds
97,Artyom,AZ,40.4723,50.333,62.6,59,0,18.41,clear sky
98,Ribeira Grande,PT,38.5167,-28.7,64.4,94,75,25.32,broken clouds
99,Mar Del Plata,AR,-38.0023,-57.5575,69.8,94,20,21.85,few clouds
100,Mitu,CO,1.1983,-70.1733,82.67,70,64,2.91,moderate rain
101,Adrar,MR,20.5022,-10.0711,86.31,7,29,9.04,scattered clouds
102,Bouna,CI,9.2667,-3.0,82.92,55,53,4.9,broken clouds
103,Sakakah,SA,29.9697,40.2064,91.4,11,20,13.8,few clouds
104,Klaksvik,FO,62.2266,-6.589,39.2,93,40,12.66,scattered clouds
105,Mehamn,NO,71.0357,27.8492,37.4,87,75,11.5,light rain
106,Saldanha,ZA,-33.0117,17.9442,59.0,77,35,2.06,scattered clouds
107,Villa Maria,AR,-32.4075,-63.2402,68.41,80,100,11.52,overcast clouds
108,Saint-Pierre,RE,-21.3393,55.4781,77.0,83,75,16.11,broken clouds
109,Awjilah,LY,29.1081,21.2869,71.69,22,17,9.62,few clouds
110,Goderich,CA,43.7501,-81.7165,32.0,64,48,13.8,scattered clouds
111,Mitsamiouli,KM,-11.3847,43.2844,81.1,74,100,11.81,overcast clouds
112,Coihaique,CL,-45.5752,-72.0662,53.6,50,40,9.22,scattered clouds
113,Deogarh,IN,21.5333,84.7333,79.97,48,67,1.5,broken clouds
114,Saint-Augustin,CA,51.226,-58.6502,39.87,76,93,11.61,overcast clouds
115,Molchanovo,RU,57.5817,83.7692,16.56,93,14,4.74,few clouds
116,Lichinga,MZ,-13.3128,35.2406,62.6,82,20,9.22,few clouds
117,Luderitz,NA,-26.6481,15.1594,67.08,69,100,8.59,overcast clouds
118,Kedrovyy,RU,56.1667,91.8167,19.4,68,0,2.24,clear sky
119,Petukhovo,RU,55.0692,67.9019,36.68,65,15,8.03,few clouds
120,Husavik,IS,66.0449,-17.3389,46.4,53,20,14.97,few clouds
121,Pioner,RU,55.3166,85.9508,24.8,63,0,8.95,clear sky
122,Santa Isabel Do Rio Negro,BR,-0.4139,-65.0192,82.18,86,78,1.07,broken clouds
123,Kalmunai,LK,7.4167,81.8167,79.83,76,85,2.48,overcast clouds
124,Sao Joao Da Barra,BR,-21.6403,-41.0511,78.8,57,0,16.11,clear sky
125,Vardo,NO,70.3705,31.1107,35.6,75,0,9.22,clear sky
126,Kyabe,TD,9.4515,18.9449,86.45,43,60,9.75,broken clouds
127,Paracatu,BR,-17.2222,-46.8747,79.23,47,1,0.29,clear sky
128,Arlit,NE,18.7369,7.3853,91.15,8,71,7.0,broken clouds
129,Narsaq,GL,60.9167,-46.05,48.2,29,75,29.93,broken clouds
130,Kibala,TD,9.1104,18.3463,83.53,51,84,11.9,broken clouds
131,Iqaluit,CA,63.7506,-68.5145,26.6,93,90,13.8,light snow
132,Harsin,IR,34.2721,47.5861,64.94,37,98,1.48,overcast clouds
133,Ugoofaaru,MV,5.6667,73.0,83.03,71,8,7.58,clear sky
134,Calama,CL,-22.4667,-68.9333,69.8,18,0,16.11,clear sky
135,Guhagar,IN,17.4842,73.1929,77.81,76,36,7.23,scattered clouds
136,Umm Lajj,SA,25.0213,37.2685,82.72,51,59,5.41,broken clouds
137,Ati,TD,13.2154,18.3353,91.11,7,19,7.54,few clouds
138,Hamilton,US,39.1834,-84.5333,45.0,49,75,13.8,broken clouds
139,Salinopolis,BR,-0.6136,-47.3561,79.16,83,89,6.73,overcast clouds
140,Muros,ES,42.7762,-9.0603,57.0,94,100,3.0,overcast clouds
141,Misratah,LY,32.3754,15.0925,65.37,62,4,21.54,clear sky
142,Semey,KZ,50.4111,80.2275,32.16,70,63,7.16,broken clouds
143,Tasiilaq,GL,65.6145,-37.6368,30.2,47,20,13.8,few clouds
144,Sorland,NO,67.667,12.6934,32.0,86,40,3.44,scattered clouds
145,Le Port,RE,-20.9373,55.2919,78.8,73,75,16.11,light rain
146,Methana,GR,37.5823,23.3914,61.0,61,46,8.01,scattered clouds
147,Doka,SD,13.5167,35.7667,97.09,15,50,3.18,scattered clouds
148,Lixourion,GR,38.2019,20.4314,55.56,64,83,0.54,broken clouds
149,Aksu,CN,41.1231,80.2644,58.84,42,91,2.71,overcast clouds
150,Carnarvon,AU,-24.8667,113.6333,62.6,88,12,8.05,few clouds
151,Calarasi,MD,47.2544,28.3081,52.0,62,0,2.3,clear sky
152,Hithadhoo,MV,-0.6,73.0833,82.54,67,8,5.08,clear sky
153,Kingston,JM,17.997,-76.7936,87.01,70,20,28.77,few clouds
154,Boca Do Acre,BR,-8.7522,-67.3978,81.46,87,81,1.9,moderate rain
155,Liverpool,GB,53.4106,-2.9779,53.6,54,90,9.22,overcast clouds
156,Camana,PE,-16.6228,-72.7111,72.7,75,58,9.64,broken clouds
157,Chimbote,PE,-9.0853,-78.5783,72.36,75,15,11.03,few clouds
158,Alta Floresta,BR,-9.8756,-56.0861,87.8,66,75,8.05,broken clouds
159,Kalmar,SE,56.6616,16.3616,45.0,53,5,11.5,clear sky
160,Nikel,RU,69.4128,30.222,41.0,52,0,2.3,clear sky
161,Los Llanos De Aridane,ES,28.6585,-17.9182,68.0,73,40,6.91,scattered clouds
162,Nouadhibou,MR,20.931,-17.0347,68.0,73,0,24.16,clear sky
163,Lebu,CL,-37.6167,-73.65,56.08,78,56,17.31,broken clouds
164,Fillan,NO,63.6064,8.9696,37.4,75,75,12.66,broken clouds
165,Port Elizabeth,ZA,-33.918,25.5701,68.0,94,20,11.5,few clouds
166,Gaoua,BF,10.2992,-3.2508,86.94,47,99,6.42,overcast clouds
167,Honningsvag,NO,70.9821,25.9704,37.4,75,40,13.8,scattered clouds
168,San Martin,AR,-33.081,-68.4681,59.0,72,75,2.3,broken clouds
169,Beloha,MG,-25.1667,45.05,69.84,81,5,15.52,clear sky
170,Beyneu,KZ,45.3167,55.2,51.01,37,98,22.15,overcast clouds
171,Yushala,RU,57.0761,64.2601,39.2,65,0,4.47,clear sky
172,Casablanca,MA,33.5928,-7.6192,64.4,68,40,9.22,scattered clouds
173,Kruisfontein,ZA,-34.0033,24.7314,63.0,95,98,1.99,overcast clouds
174,Matagami,CA,49.7502,-77.6328,23.0,58,75,10.36,broken clouds
175,Arica,CL,-18.475,-70.3042,71.6,60,0,10.36,clear sky
176,Manoel Urbano,BR,-8.8389,-69.2597,82.26,83,11,3.13,few clouds
177,Byumba,RW,-1.5763,30.0675,66.2,88,40,2.3,scattered clouds
178,Scarsdale,US,41.0051,-73.7846,53.01,81,75,19.57,broken clouds
179,Teguldet,RU,57.3064,88.1667,18.03,94,82,4.47,broken clouds
180,Komsomolskiy,UZ,40.4272,71.7189,50.0,66,75,6.91,broken clouds
181,Taybad,IR,34.74,60.7756,66.85,37,6,13.0,clear sky
182,Vila Velha,BR,-20.3297,-40.2925,82.99,69,20,8.05,few clouds
183,Leh,IN,34.1667,77.5833,31.19,93,100,5.28,snow
184,Corrente,BR,-3.7367,-43.3394,82.09,76,67,0.78,broken clouds
185,Guipavas,FR,48.4352,-4.3972,55.4,87,88,6.91,mist
186,Mezen,RU,65.8522,44.24,46.72,49,100,11.92,overcast clouds
187,Lakhtar,IN,22.85,71.7833,84.36,42,0,8.61,clear sky
188,Belmonte,BR,-15.8631,-38.8828,78.8,78,75,6.91,broken clouds
189,Lozovo,MK,41.7839,21.9056,44.6,81,0,3.44,clear sky
190,Saint Austell,GB,50.3383,-4.7658,51.8,66,0,11.5,clear sky
191,Barrinha,BR,-21.1936,-48.1639,82.4,32,0,3.44,clear sky
192,Cape Coast,GH,5.1053,-1.2466,82.58,82,76,14.0,broken clouds
193,Deder,ET,9.3167,41.45,58.51,69,80,3.06,broken clouds
194,Mahon,ES,39.8885,4.2658,57.2,82,75,10.36,broken clouds
195,Rovaniemi,FI,66.5,25.7167,41.0,38,0,3.44,clear sky
196,Beitbridge,ZW,-22.2167,30.0,67.55,53,0,6.51,clear sky
197,Ilhabela,BR,-23.7781,-45.3581,71.56,83,36,5.57,scattered clouds
198,Pisco,PE,-13.7,-76.2167,73.4,64,0,25.32,clear sky
199,Port Blair,IN,11.6667,92.75,80.87,77,40,6.62,scattered clouds
200,Nanortalik,GL,60.1432,-45.2371,38.7,73,100,6.15,overcast clouds
201,Chapais,CA,49.7834,-74.8492,23.0,58,90,5.75,light snow
202,Amboasary,MG,-25.0333,46.3833,71.6,94,40,11.5,scattered clouds
203,Takoradi,GH,4.8845,-1.7554,82.33,80,20,10.6,few clouds
204,Karatau,KZ,43.1667,70.4667,34.95,93,100,6.73,overcast clouds
205,Masyaf,SY,35.0653,36.3406,60.8,88,40,6.91,scattered clouds
206,Wadi Maliz,TN,36.4681,8.5495,69.8,56,40,3.44,scattered clouds
207,Luangwa,ZM,-15.6167,30.4167,67.77,67,0,2.13,clear sky
208,Rodrigues Alves,BR,-7.738,-72.6509,91.4,58,40,3.44,scattered clouds
209,Aguas De Lindoia,BR,-22.4764,-46.6328,78.01,47,5,1.01,clear sky
210,Turgenevo,RU,54.8455,46.3297,42.71,91,100,17.27,overcast clouds
211,Molteno,ZA,-31.3968,26.3625,57.04,55,89,3.11,overcast clouds
212,Yenisehir,TR,40.2644,29.6531,51.8,87,75,4.61,light rain
213,Salvador,SV,13.8333,-88.9167,87.8,45,20,5.75,few clouds
214,Plouzane,FR,48.3833,-4.6167,55.4,87,78,6.91,mist
215,Dingle,PH,10.9995,122.6711,77.77,82,100,7.76,light rain
216,Ponta Delgada,PT,37.7333,-25.6667,64.4,94,75,14.97,broken clouds
217,Paamiut,GL,61.994,-49.6678,34.92,79,100,5.79,overcast clouds
218,Keene,US,42.9337,-72.2781,57.0,82,100,3.44,overcast clouds
219,Constantine,DZ,36.365,6.6147,57.2,54,75,4.61,broken clouds
220,Atraulia,IN,26.3333,82.95,81.82,28,100,5.7,overcast clouds
221,Gunib,RU,42.3876,46.9651,54.84,85,97,1.68,overcast clouds
222,Port-Cartier,CA,50.0334,-66.8654,43.0,61,75,11.5,broken clouds
223,Taltal,CL,-25.4,-70.4833,67.86,65,24,5.32,few clouds
224,Tokonou,GN,9.65,-9.7833,69.75,89,100,8.3,heavy intensity rain
225,Gualaquiza,EC,-3.4,-78.55,72.28,88,84,3.04,moderate rain
226,Mut,TR,36.6439,33.4389,60.13,61,0,2.71,clear sky
227,Catamarca,AR,-28.4696,-65.7852,77.0,71,89,4.0,overcast clouds
228,Miranda,CO,3.2499,-76.2281,87.8,51,40,2.3,scattered clouds
229,Aranos,NA,-24.1333,19.1167,67.48,26,20,9.33,few clouds
230,Gumdag,TM,39.2061,54.5906,74.26,21,95,26.84,overcast clouds
231,Campoverde,PE,-8.4753,-74.8058,89.6,55,20,13.8,few clouds
232,Bam,IR,29.106,58.357,79.56,15,43,6.49,scattered clouds
233,Skjervoy,NO,70.0311,20.9714,35.6,75,75,17.27,broken clouds
234,Petauke,ZM,-14.2426,31.3253,60.17,86,2,4.88,clear sky
235,Bubaque,GW,11.2833,-15.8333,78.3,71,99,19.22,overcast clouds
236,San Pedro,PH,14.35,121.0167,82.4,78,75,2.3,broken clouds
237,Acarau,BR,-2.8856,-40.12,80.31,78,98,6.44,overcast clouds
238,Urubicha,BO,-15.3833,-62.95,85.86,55,68,3.74,light rain
239,Luba,GQ,3.4568,8.5547,80.6,89,20,6.91,few clouds
240,Tessalit,ML,20.1986,1.0114,87.66,6,100,7.65,overcast clouds
241,Gondar,ET,12.6,37.4667,65.86,46,89,4.76,overcast clouds
242,Derzhavinsk,KZ,51.1,66.3167,42.6,57,4,6.02,clear sky
243,Cayenne,GF,4.9333,-52.3333,82.4,78,75,13.8,broken clouds
244,Kem,RU,64.9555,34.5793,35.6,96,100,5.5,overcast clouds
245,Malyn,UA,50.7723,29.2383,48.2,66,34,8.95,scattered clouds
246,Skrunda,LV,56.6833,22.0167,44.6,76,75,19.57,broken clouds
247,Sur,OM,22.5667,59.5289,85.39,41,0,11.7,clear sky
248,Farafangana,MG,-22.8167,47.8333,72.64,85,100,2.73,light rain
249,Hualmay,PE,-11.0964,-77.6139,72.03,76,11,8.7,few clouds
250,Manono,CD,-7.3,27.4167,69.46,94,100,2.46,moderate rain
251,Moca,DO,19.5,-70.5,91.4,40,20,14.97,few clouds
252,Chabahar,IR,25.2919,60.643,80.85,71,0,8.28,clear sky
253,Narok,KE,-1.0783,35.8601,60.17,94,100,6.6,light rain
254,Panama City,PA,8.9936,-79.5197,89.6,83,40,8.05,scattered clouds
255,Kindu,CD,-2.95,25.95,69.19,96,95,2.39,overcast clouds
256,Andenes,NO,69.3143,16.1194,34.0,60,75,8.05,light snow
257,Ostersund,SE,63.1792,14.6357,32.0,64,100,18.41,overcast clouds
258,Kormilovka,RU,55.0026,74.1028,24.8,58,0,6.71,clear sky
259,Hobyo,SO,5.3505,48.5268,84.47,68,99,14.29,overcast clouds
260,Turukhansk,RU,65.8167,87.9833,1.72,99,97,3.22,overcast clouds
261,Njombe,TZ,-9.3333,34.7667,57.34,98,100,6.26,light rain
262,Rena,NO,61.1348,11.3641,37.99,60,97,8.01,overcast clouds
263,Pacasmayo,PE,-7.4006,-79.5714,73.15,73,7,14.92,clear sky
264,Henties Bay,NA,-22.116,14.2845,68.0,81,91,1.01,overcast clouds
265,Umm Kaddadah,SD,13.6017,26.6876,86.95,8,6,11.79,clear sky
266,Aizpute,LV,56.7167,21.6,44.6,76,75,19.57,broken clouds
267,Manaure,CO,11.7751,-72.4445,89.38,46,86,16.44,overcast clouds
268,Tetiyiv,UA,49.3767,29.6647,45.68,74,20,7.56,few clouds
269,Ust-Kan,RU,50.9276,84.761,19.29,75,89,0.56,overcast clouds
270,Sawakin,SD,19.1059,37.3321,83.44,59,4,6.71,clear sky
271,Mihona,IN,26.2844,78.9817,80.22,34,97,5.17,overcast clouds
272,Penzance,GB,50.1186,-5.5371,50.0,87,20,19.57,haze
273,Villarrica,PY,-25.75,-56.4333,86.81,27,6,6.91,clear sky
274,Lincoln,US,40.8,-96.667,46.0,33,90,9.22,overcast clouds
275,Rincon,US,32.296,-81.2354,82.99,24,20,23.02,few clouds
276,Ilebo,CD,-4.3167,20.5833,71.29,97,100,2.24,overcast clouds
277,Bridlington,GB,54.0831,-0.1919,39.99,73,42,8.77,scattered clouds
278,Valparaiso,CL,-33.0393,-71.6273,64.4,82,20,5.75,few clouds
279,Formosa,AR,-26.1775,-58.1781,86.0,48,0,14.97,clear sky
280,Marzuq,YE,14.4,46.4667,71.15,41,5,5.44,clear sky
281,Trairi,BR,-3.2778,-39.2689,79.54,80,38,5.73,scattered clouds
282,Beira,MZ,-19.8436,34.8389,77.0,73,75,10.29,broken clouds
283,Codrington,AU,-38.2667,141.9667,52.03,89,100,9.48,overcast clouds
284,Rio Verde De Mato Grosso,BR,-18.9181,-54.8442,91.4,22,0,1.88,clear sky
285,Fuerte Olimpo,PY,-21.0415,-57.8738,95.65,21,0,7.02,clear sky
286,Praia,CV,14.9215,-23.5087,73.4,64,75,18.41,broken clouds
287,Tiznit,MA,29.5833,-9.5,58.73,72,7,5.93,clear sky
288,Taoudenni,ML,22.6783,-3.9836,92.77,7,0,6.2,clear sky
289,Porto Novo,BJ,6.4965,2.6036,86.0,74,20,14.97,few clouds
290,Sembabule,UG,-0.0772,31.4567,61.93,91,100,4.14,overcast clouds
291,Faya,SA,18.3851,42.4509,68.0,52,0,6.8,clear sky
292,Keflavik,IS,64.0049,-22.5624,44.6,87,90,11.5,overcast clouds
293,Kati,ML,12.7441,-8.0726,95.0,36,20,9.22,moderate rain
294,Wheatley,GB,51.7473,-1.1394,48.0,61,0,11.5,clear sky
295,Capitao Poco,BR,-1.7464,-47.0594,76.26,93,97,1.34,overcast clouds
296,Axim,GH,4.8699,-2.2405,82.17,80,77,9.93,broken clouds
297,San Juan,AR,-31.5375,-68.5364,64.58,48,82,16.24,broken clouds
298,Torquay,GB,50.4638,-3.5143,51.01,1,28,16.35,scattered clouds
299,Itaituba,BR,-4.2761,-55.9836,77.0,94,40,1.45,light rain
300,Korla,CN,41.7597,86.1469,62.62,38,100,9.13,overcast clouds
301,Gunjur,GM,13.2019,-16.7339,75.2,73,0,6.91,clear sky
302,Bengkulu,ID,-3.8004,102.2655,75.7,89,67,3.65,broken clouds
303,Banbury,GB,52.0602,-1.3403,46.0,61,0,10.36,clear sky
304,Asosa,ET,10.0667,34.5333,71.47,50,95,1.32,overcast clouds
305,Roald,NO,62.5833,6.1333,37.4,81,40,4.61,scattered clouds
306,Vagur,FO,61.4732,-6.8119,43.43,77,100,15.28,overcast clouds
307,Monrovia,LR,6.3005,-10.7969,80.6,89,75,7.38,broken clouds
308,Letka,RU,59.6011,49.4232,36.28,95,100,13.69,moderate rain
309,Altay,CN,47.8667,88.1167,30.83,69,69,7.78,broken clouds
310,Harlingen,US,26.1906,-97.6961,72.0,64,90,17.27,overcast clouds
311,Kolaras,IN,25.2333,77.6,75.58,33,6,5.14,clear sky
312,Safaga,EG,26.7292,33.9365,78.8,29,0,19.57,clear sky
313,Luau,AO,-10.7073,22.2247,69.69,71,79,2.06,broken clouds
314,Skelleftea,SE,64.7507,20.9528,39.99,75,97,6.91,overcast clouds
315,Inirida,CO,3.8653,-67.9239,87.53,60,59,2.84,broken clouds
316,Maraa,BR,-1.8333,-65.3667,83.77,74,49,2.37,scattered clouds
317,Jensen Beach,US,27.2545,-80.2298,84.2,58,75,5.75,broken clouds
318,Viedma,AR,-40.8135,-62.9967,72.9,55,100,10.4,overcast clouds
319,Padang,ID,-0.9492,100.3543,76.17,88,99,2.51,moderate rain
320,Argalasti,GR,39.2333,23.2167,57.0,71,0,4.61,clear sky
321,Abu Dhabi,AE,24.4667,54.3667,80.6,78,0,5.75,clear sky
322,Itea,GR,38.4333,22.4167,57.99,46,5,1.01,clear sky
323,Port-Gentil,GA,-0.7193,8.7815,82.4,89,20,3.44,few clouds
324,Shetpe,KZ,44.1667,52.1167,63.03,17,100,25.23,overcast clouds
325,Chadiza,ZM,-14.0678,32.4392,59.5,96,100,2.48,overcast clouds
326,Comodoro Rivadavia,AR,-45.8667,-67.5,62.6,51,0,6.91,clear sky
327,Andover,GB,51.2083,-1.4825,51.8,62,20,8.05,few clouds
328,Yar-Sale,RU,66.8333,70.8333,33.08,89,100,11.21,overcast clouds
329,Tsabong,BW,-26.0217,22.401,69.08,28,100,8.72,overcast clouds
330,Urucui,BR,-7.2294,-44.5561,81.88,74,73,3.58,broken clouds
331,Pinar Del Rio,CU,22.4175,-83.6981,88.43,47,100,7.72,overcast clouds
332,Kuusamo,FI,65.9667,29.1833,41.0,42,0,4.61,clear sky
333,Bassar,TG,9.25,0.7833,73.45,79,100,7.7,overcast clouds
334,Venezuela,VE,8.0,-66.0,96.93,24,0,10.8,clear sky
335,Kargasok,RU,59.0556,80.8572,15.42,92,7,5.55,clear sky
336,Gamba,GA,-2.65,10.0,79.74,87,95,4.79,overcast clouds
337,Mayumba,GA,-3.432,10.6554,80.06,87,100,4.21,overcast clouds
338,Nuuk,GL,64.1835,-51.7216,33.8,64,1,14.97,clear sky
339,Pionerskiy,RU,54.9508,20.2275,44.6,70,75,11.18,light rain
340,Sfantu Gheorghe,RO,45.8667,25.7833,43.0,83,32,3.09,scattered clouds
341,Santa Maria,BR,-29.6842,-53.8069,80.6,54,20,11.5,few clouds
342,Aurillac,FR,44.9167,2.45,48.2,87,75,2.3,broken clouds
343,Naryan-Mar,RU,67.6713,53.087,36.36,87,97,11.81,overcast clouds
344,Arandis,NA,-22.4167,14.9667,68.0,81,100,1.01,overcast clouds
345,Konigs Wusterhausen,DE,52.3014,13.633,50.0,50,0,19.57,clear sky
346,Zarand,IR,30.8127,56.564,69.55,21,53,4.41,broken clouds
347,Goose Creek,US,32.981,-80.0326,84.0,24,20,19.57,few clouds
348,Omboue,GA,-1.5746,9.2618,80.28,85,100,5.23,overcast clouds
349,Abha,SA,18.2164,42.5053,68.0,52,0,6.17,clear sky
350,Saeby,DK,57.3319,10.5225,44.6,57,100,11.5,overcast clouds
351,Harper,LR,4.375,-7.7169,81.7,80,84,8.97,broken clouds
352,Espanola,US,35.9911,-106.0806,57.0,31,1,13.8,clear sky
353,Tukrah,LY,32.5341,20.5791,59.83,55,0,11.92,clear sky
354,Buchanan,LR,5.8808,-10.0467,80.6,89,75,7.54,moderate rain
355,Rundu,NA,-17.9333,19.7667,63.82,48,2,6.31,clear sky
356,Vila Franca Do Campo,PT,37.7167,-25.4333,64.4,94,75,14.97,broken clouds
357,Cozumel,MX,20.5083,-86.9458,88.0,58,75,11.5,broken clouds
358,Havoysund,NO,70.9963,24.6622,37.4,75,75,8.05,broken clouds
359,Riachao,BR,-7.3619,-46.6172,75.31,90,98,3.56,light rain
360,Kargat,RU,55.1956,80.2811,26.69,88,23,12.12,few clouds
361,Vestmannaeyjar,IS,63.4427,-20.2734,44.49,77,100,10.58,overcast clouds
362,Garissa,KE,-0.4536,39.6401,81.18,69,100,18.79,overcast clouds
363,Koulikoro,ML,14.0,-7.75,82.22,53,95,15.03,overcast clouds
364,Matara,LK,5.9485,80.5353,78.28,86,79,6.42,broken clouds
365,Mattru,SL,7.6244,-11.8332,77.61,92,100,2.62,overcast clouds
366,Richards Bay,ZA,-28.783,32.0377,68.94,90,91,3.78,overcast clouds
367,Bandarbeyla,SO,9.4942,50.8122,82.49,79,52,8.5,light rain
368,Kattivakkam,IN,13.2167,80.3167,82.4,83,20,4.61,mist
369,Fez,MA,34.0372,-4.9998,59.0,72,0,4.61,clear sky
370,Abu Samrah,SY,35.3029,37.1841,61.12,49,83,6.87,broken clouds
371,Beinamar,TD,8.6698,15.3813,88.25,40,88,9.86,overcast clouds
372,Deori,IN,21.45,82.6167,84.81,40,95,5.66,overcast clouds
373,Qaqortoq,GL,60.7167,-46.0333,48.2,29,75,29.93,broken clouds
374,Sinjar,IQ,36.3209,41.8754,74.5,25,90,8.9,overcast clouds
375,Guisa,CU,20.255,-76.5386,93.2,43,75,17.27,broken clouds
376,Bria,CF,6.5423,21.9863,72.84,85,87,3.29,overcast clouds
377,Oranjemund,NA,-28.55,16.4333,60.33,91,49,4.65,scattered clouds
378,Veraval,IN,20.9,70.3667,79.54,79,100,9.64,overcast clouds
379,Silopi,TR,37.2497,42.4694,71.2,42,100,3.69,overcast clouds
380,Pakala,IN,13.4667,79.1167,79.14,78,57,6.76,broken clouds
381,Puerto Baquerizo Moreno,EC,-0.9,-89.6,84.2,70,75,11.5,broken clouds
382,Nizhnevartovsk,RU,60.9344,76.5531,15.8,86,0,3.98,clear sky
383,Srivardhan,IN,18.0333,73.0167,80.42,71,100,8.5,overcast clouds
384,Yemtsa,RU,63.0734,40.3329,36.79,96,100,11.21,overcast clouds
385,Antofagasta,CL,-23.65,-70.4,64.4,72,20,14.97,few clouds
386,Aden,YE,12.7794,45.0367,82.06,69,69,18.01,broken clouds
387,Kangaatsiaq,GL,68.3065,-53.4641,24.76,75,28,13.53,scattered clouds
388,Moundou,TD,8.5667,16.0833,83.25,53,90,11.41,overcast clouds
389,Neuquen,AR,-38.9516,-68.0591,69.8,49,20,4.61,few clouds
390,Porto Nacional,BR,-10.7081,-48.4172,84.2,74,75,4.61,broken clouds
391,Tazovskiy,RU,67.4667,78.7,23.18,95,94,12.06,overcast clouds
392,Atar,MR,20.5169,-13.0499,87.01,9,14,8.9,few clouds
393,Aksarka,RU,66.5606,67.7975,32.47,94,100,10.98,overcast clouds
394,Narbonne,FR,43.0833,2.8333,52.0,75,45,5.26,scattered clouds
395,Sao Miguel Do Araguaia,BR,-13.275,-50.1628,83.01,63,34,0.49,scattered clouds
396,Yarim,YE,14.298,44.3779,57.43,51,63,3.78,broken clouds
397,Thinadhoo,MV,0.5333,72.9333,82.18,67,38,5.77,scattered clouds
398,Portobelo,PA,9.55,-79.65,86.0,70,84,32.01,broken clouds
399,Tsiroanomandidy,MG,-18.7667,46.0333,68.47,87,100,0.6,overcast clouds
400,Abapo,BO,-18.8333,-63.4667,86.95,40,8,14.16,clear sky
401,Mazagao,BR,-0.115,-51.2894,82.4,83,40,5.75,scattered clouds
402,Nalut,LY,30.3333,10.85,75.83,23,0,11.74,clear sky
403,Zlitan,LY,32.4674,14.5687,66.88,50,5,21.36,clear sky
404,Tucuma,BR,-0.1833,-50.05,78.89,87,74,7.54,broken clouds
405,Kaoma,ZM,-14.7833,24.8,61.57,66,0,5.75,clear sky
406,Golden Gate,US,26.1879,-81.6951,82.0,78,90,6.91,overcast clouds
407,Mwinilunga,ZM,-11.7358,24.4293,65.32,77,100,4.74,overcast clouds
408,Oksfjord,NO,70.2396,22.3479,35.6,80,75,14.97,broken clouds
409,Uribia,CO,11.7139,-72.266,92.66,36,94,19.19,overcast clouds
410,Oneonta,US,42.4529,-75.0638,35.01,86,100,1.99,light snow
411,Louis Trichardt,ZA,-23.0439,29.9032,57.61,73,0,3.2,clear sky
412,Nicoya,CR,10.1483,-85.452,93.2,46,75,6.91,broken clouds
413,Chibombo,ZM,-14.6569,28.0706,60.35,76,3,5.91,clear sky
414,Darnah,LY,32.767,22.6367,58.98,68,0,3.91,clear sky
415,Pipri,IN,19.8,75.5333,84.47,30,100,10.54,overcast clouds
416,Gandajika,CD,-6.75,23.95,68.74,93,100,1.28,overcast clouds
417,Leshukonskoye,RU,64.8989,45.7622,46.63,50,100,13.2,overcast clouds
418,Lucapa,AO,-8.4192,20.7447,66.87,94,100,3.65,light rain
419,Mayahi,NE,13.9553,7.6712,93.43,26,100,12.33,overcast clouds
420,Monroe,US,43.1501,-77.6831,36.0,75,90,14.97,light snow
421,Staryy Nadym,RU,65.6118,72.6842,31.17,95,100,10.74,overcast clouds
422,Sanquhar,GB,55.3653,-3.9216,48.2,71,0,4.61,clear sky
423,Araouane,ML,18.9048,-3.5265,90.05,8,61,8.16,broken clouds
424,Laguna De Perlas,NI,12.3429,-83.6712,86.0,84,40,4.61,scattered clouds
425,Mecca,SA,21.4267,39.8261,88.09,34,1,3.53,clear sky
426,Saint-Jean-De-Braye,FR,47.913,1.9771,55.4,58,0,12.66,clear sky
427,Castro,BR,-24.7911,-50.0119,62.58,74,94,5.91,overcast clouds
428,Babana,NG,10.4295,3.815,80.6,59,100,8.5,overcast clouds
429,Rio Brilhante,BR,-21.8019,-54.5464,86.34,25,0,8.63,clear sky
430,Kavaratti,IN,10.5669,72.642,83.61,68,30,6.73,scattered clouds
431,Watsa,CD,3.0372,29.5355,65.48,97,100,2.84,overcast clouds
432,Tsogni,GA,-2.7942,10.0988,79.02,88,91,4.29,overcast clouds
433,Kalabo,ZM,-14.97,22.6814,66.49,50,0,6.2,clear sky
434,Malangali,TZ,-8.5667,34.85,62.06,91,79,9.62,broken clouds
435,Eyl,SO,7.9803,49.8164,82.87,77,59,8.66,light rain
436,Kortemark,BE,51.0233,3.0022,44.01,83,10,8.01,clear sky
437,Fray Bentos,UY,-33.1325,-58.2956,78.01,66,57,1.99,broken clouds
438,Kunzelsau,DE,49.2819,9.6889,51.8,66,75,5.75,broken clouds
439,Clarence Town,AU,-32.5833,151.7833,48.99,87,2,10.36,clear sky
440,Mandal,IN,25.45,74.5667,74.82,33,0,7.05,clear sky
441,Nurota,UZ,40.5614,65.6886,50.0,53,0,9.22,clear sky
442,Mpongwe,ZM,-13.5091,28.155,66.83,65,99,6.67,overcast clouds
443,Bodmin,GB,50.4715,-4.7243,51.8,66,0,11.5,clear sky
444,Tambacounda,SN,13.7539,-13.7586,100.4,11,0,4.61,clear sky
445,Pulaski,US,34.7668,-92.3001,60.01,26,20,12.66,few clouds
446,Manaus,BR,-3.1019,-60.025,89.6,74,75,2.3,broken clouds
447,Gwadar,PK,25.1216,62.3254,81.5,59,0,2.04,clear sky
448,Damienesti,RO,46.7333,26.9833,48.0,76,0,2.3,clear sky
449,Galle,LK,6.0367,80.217,80.67,80,100,6.85,overcast clouds
450,Bozova,TR,37.3625,38.5267,60.8,33,0,12.66,clear sky
451,Rawson,AR,-43.3002,-65.1023,65.03,79,100,14.56,overcast clouds
452,Albany,US,42.6001,-73.9662,37.0,68,100,1.99,light rain
453,Morondava,MG,-20.2833,44.2833,77.88,77,36,10.71,scattered clouds
454,Marmaris,TR,36.855,28.2742,62.6,62,0,2.3,clear sky
455,Najran,SA,17.4924,44.1277,77.0,19,0,6.91,clear sky
456,Vilcun,CL,-38.65,-72.2333,59.0,77,75,5.75,broken clouds
457,Chardara,KZ,41.2547,67.9692,43.11,71,0,11.36,clear sky
458,Tolland,US,41.8501,-72.3495,62.01,67,40,12.66,scattered clouds
459,Pallasovka,RU,50.05,46.8833,46.47,93,100,10.4,overcast clouds
460,Bud,US,39.447,-86.1758,46.99,53,75,10.36,broken clouds
461,Iralaya,HN,15.0,-83.2333,87.8,74,75,11.5,broken clouds
462,Pappados,GR,39.0394,26.4547,60.8,59,20,2.3,few clouds
463,Westport,US,41.1415,-73.3579,53.6,82,90,10.36,overcast clouds
464,Karasjok,NO,69.4719,25.5112,35.6,93,75,6.91,broken clouds
465,Eyrarbakki,IS,63.863,-21.1481,44.6,70,75,9.22,broken clouds
466,Booue,GA,-0.0921,11.9385,76.3,91,28,0.54,scattered clouds
467,Vorontsovka,RU,50.6132,40.3549,45.64,83,80,7.31,moderate rain
468,Bathsheba,BB,13.2167,-59.5167,82.4,57,75,18.41,broken clouds
469,Igrim,RU,63.1906,64.4162,34.75,90,55,7.27,broken clouds
470,Araci,BR,-11.3333,-38.9667,82.29,64,100,4.38,heavy intensity rain
471,San Gavino Monreale,IT,39.5514,8.7917,60.01,82,0,10.36,light rain
472,Coquimbo,CL,-29.9533,-71.3436,66.2,68,0,14.97,clear sky
473,Kamskiye Polyany,RU,55.4307,51.4171,46.4,39,0,22.37,light rain
474,Kongolo,CD,-5.3833,27.0,69.93,96,100,3.2,light rain
475,Hargeysa,SO,9.56,44.065,74.35,51,10,4.16,clear sky
476,Mindelo,CV,16.8901,-24.9804,73.4,68,75,25.32,broken clouds
477,Chuka,KE,-0.3332,37.6459,64.62,86,100,1.16,light rain
478,Bonthe,SL,7.5264,-12.505,81.07,84,100,5.77,light rain
479,Ushtobe,KZ,45.2514,77.9838,23.59,83,7,2.19,clear sky
480,Manturovo,RU,58.3353,44.7619,37.26,93,100,10.89,overcast clouds
481,Baiculesti,RO,45.0667,24.7,43.2,86,27,2.91,scattered clouds
482,Windhoek,NA,-22.5594,17.0832,66.0,45,92,5.75,overcast clouds
483,Cabinda,AO,-5.55,12.2,79.97,89,99,5.7,light rain
484,Shu,KZ,43.5983,73.7614,30.99,93,98,7.0,overcast clouds
485,Rocha,UY,-34.4833,-54.3333,69.28,67,13,16.8,few clouds
486,Itarare,BR,-24.1125,-49.3317,68.72,63,46,9.48,scattered clouds
487,San Ignacio,BZ,17.1561,-89.0714,93.2,52,40,4.61,scattered clouds
488,Quatre Cocos,MU,-20.2078,57.7625,78.01,94,75,9.22,broken clouds
489,Nantucket,US,41.2835,-70.0995,57.2,77,1,18.41,clear sky
490,La Ligua,CL,-32.4524,-71.2311,64.4,72,20,11.5,few clouds
491,Malinovoye Ozero,RU,51.6753,79.7825,29.43,71,87,7.61,overcast clouds
492,Las Tunas,CU,20.9617,-76.9511,93.2,43,75,17.27,broken clouds
493,Bath,GB,51.3779,-2.3591,50.0,66,8,10.36,clear sky
494,Paharpur,PK,32.1038,70.9724,75.88,38,11,6.6,few clouds
495,Kutum,SD,14.2,24.6667,81.95,8,44,10.96,scattered clouds
496,Sumbe,AO,-11.2061,13.8437,80.83,88,5,6.64,clear sky
497,Busembatia,UG,0.7697,33.6131,66.18,96,100,3.62,moderate rain
498,Sao Filipe,CV,14.8961,-24.4956,73.74,69,100,13.22,overcast clouds
499,Sovetskiy,RU,61.3614,63.5842,40.1,78,8,8.03,clear sky
500,Unnao,IN,26.5333,80.5,66.2,88,90,9.22,overcast clouds
501,Suoyarvi,RU,62.0833,32.35,34.05,99,100,1.61,light snow
502,Kuvandyk,RU,51.4781,57.3552,42.58,52,100,6.53,overcast clouds
503,Puerto Ayora,EC,-0.7393,-90.3518,82.4,74,40,9.22,scattered clouds
504,Toktogul,KG,41.8708,72.9402,41.07,80,100,3.78,overcast clouds
505,Suleja,NG,9.1758,7.1808,91.4,55,20,3.44,moderate rain
506,Isabela,PH,6.7085,121.9711,77.99,84,93,2.57,overcast clouds
507,Berlevag,NO,70.8578,29.0864,39.2,87,75,10.36,broken clouds
508,Gravdal,NO,68.1214,13.5031,32.0,86,40,3.44,scattered clouds
509,Durgapur,IN,23.4833,87.3167,89.01,51,34,4.79,scattered clouds
510,Sarmellek,HU,46.7122,17.1687,53.6,66,0,3.44,clear sky
511,Santa Cecilia,BR,-26.9608,-50.4269,58.84,82,66,4.23,broken clouds
512,Burgersdorp,ZA,-30.9977,26.3286,62.13,49,100,4.56,overcast clouds
513,Calabar,NG,4.9517,8.322,79.57,86,70,3.29,light rain
514,Aswan,EG,24.0934,32.907,92.25,20,83,11.7,broken clouds
515,Kifri,IQ,34.6959,44.9661,84.45,17,9,2.35,clear sky
516,Cruzeiro Do Sul,BR,-29.5128,-51.9853,77.0,69,89,4.0,overcast clouds
517,Krasnoselkup,RU,65.7,82.4667,11.37,93,58,9.93,broken clouds
518,Sirumugai,IN,11.3333,77.0167,78.8,89,20,9.22,haze
519,Cumra,TR,37.5732,32.7745,53.6,47,40,10.36,scattered clouds
520,Mangrol,IN,21.1167,70.1167,79.38,80,100,9.71,overcast clouds
521,Lerik,AZ,38.7726,48.4128,60.8,77,75,3.44,broken clouds
522,Kayerkan,RU,69.3497,87.7602,14.07,93,100,11.65,light snow
523,Turkeve,HU,47.1,20.75,53.6,62,0,4.61,clear sky
524,Kapoeta,SS,4.7717,33.5903,74.98,73,100,4.5,light rain
525,Marquette,US,46.5333,-87.6335,37.0,58,99,7.85,overcast clouds
526,Sault Sainte Marie,CA,46.5168,-84.3333,35.6,38,1,13.8,clear sky
527,Wagar,SD,16.1525,36.2032,92.48,25,7,10.74,clear sky
528,Ancud,CL,-41.8697,-73.8203,57.99,58,75,3.44,broken clouds
529,Salta,AR,-24.7859,-65.4117,78.8,53,40,9.22,scattered clouds
530,Utinga,BR,-5.8172,-35.3954,86.0,70,20,14.97,few clouds
531,Alizai,PK,33.5383,70.3462,63.54,60,0,2.37,clear sky
532,Nara,JP,34.6851,135.8049,53.01,37,94,1.86,overcast clouds
533,Igarka,RU,67.4667,86.5833,7.43,93,97,7.92,overcast clouds
534,Xuddur,SO,4.1213,43.8894,74.82,80,100,9.08,light rain
535,Karaton,ID,-6.3424,106.1045,81.0,78,20,4.61,haze
536,Chermoz,RU,58.787,56.1489,38.01,73,100,7.9,overcast clouds
537,Glen Allen,US,37.666,-77.5064,68.0,32,75,14.97,broken clouds
538,Alekseyevka,RU,50.6309,38.6903,44.8,87,26,6.08,scattered clouds
539,Stykkisholmur,IS,65.0757,-22.7297,40.62,86,100,3.29,overcast clouds
540,Autun,FR,46.95,4.3,51.8,71,0,4.61,clear sky
541,Bahia Blanca,AR,-38.7196,-62.2724,74.95,54,87,17.87,light rain
542,Liwale,TZ,-9.7667,37.9333,67.35,97,47,4.09,scattered clouds
543,Qasigiannguit,GL,68.8193,-51.1922,26.6,54,6,8.05,clear sky
544,Celendin,PE,-6.8703,-78.1517,69.8,43,75,5.75,light rain
545,Tres Arroyos,AR,-38.3739,-60.2798,72.45,55,10,16.26,clear sky
546,Nadym,RU,65.5333,72.5167,31.46,96,100,11.14,overcast clouds
547,Robertsport,LR,6.7533,-11.3686,82.51,80,100,9.98,light rain
548,Pimentel,PE,-6.8367,-79.9342,73.4,68,0,19.57,clear sky
549,Qarqin,AF,37.4185,66.0436,61.36,26,54,15.61,broken clouds
550,Laurens,US,32.4502,-82.9165,77.0,25,40,18.41,scattered clouds
551,Caiaponia,BR,-16.9567,-51.8103,80.56,42,0,5.64,clear sky
552,Puerto Quijarro,BO,-17.7833,-57.7667,95.65,26,2,2.75,clear sky
553,Norilsk,RU,69.3535,88.2027,14.23,93,100,8.68,light snow
554,Ipanema,BR,-30.1391,-51.2244,75.2,64,75,25.32,broken clouds
555,Balkhash,KZ,46.844,74.9804,39.07,52,2,6.82,clear sky
556,Scarborough,GB,54.2797,-0.4044,39.99,74,55,6.44,broken clouds
557,Khandbari,NP,27.3747,87.2039,67.82,45,100,4.12,overcast clouds
558,Marsh Harbour,BS,26.5412,-77.0636,80.56,73,100,12.77,overcast clouds
559,Waddan,LY,29.1614,16.139,71.83,18,24,16.82,few clouds
560,Horqueta,PY,-23.3428,-57.0597,93.07,19,0,6.76,clear sky
561,Bayburt,TR,40.2589,40.2278,52.36,55,45,2.04,scattered clouds
562,Marawi,PH,7.9986,124.2928,75.0,90,100,5.01,overcast clouds
563,Ljungby,SE,56.8332,13.9408,39.2,81,75,12.66,drizzle
564,Camopi,GF,3.1655,-52.3158,77.58,94,91,4.61,moderate rain
565,Makokou,GA,0.5738,12.8642,70.65,97,100,5.23,moderate rain
566,Urengoy,RU,65.9667,78.3667,14.36,94,57,9.17,broken clouds
567,Pustoshka,RU,56.3355,29.369,43.84,90,100,5.97,overcast clouds
568,Punta De Bombon,PE,-17.1717,-71.7931,70.9,76,19,9.04,few clouds
569,Shawville,CA,45.6001,-76.4827,39.99,43,100,3.0,overcast clouds
570,Svetlyy,RU,54.675,20.1347,44.6,70,75,11.18,broken clouds
571,Bonfim,BR,3.0833,-59.95,90.57,45,95,7.38,overcast clouds
572,San Cristobal,VE,7.7669,-72.225,89.6,51,40,16.11,scattered clouds
573,Fort Myers Beach,US,26.452,-81.9481,82.4,51,1,6.91,clear sky
574,Antsla,EE,57.8256,26.5406,46.0,81,66,2.3,broken clouds
575,Rozkishne,UA,48.5074,39.3004,50.47,80,94,9.06,overcast clouds
576,Rajshahi,BD,24.3667,88.6,83.75,65,58,6.6,broken clouds
577,Sargatskoye,RU,55.6101,73.4972,28.63,74,1,7.45,clear sky
578,Usvyaty,RU,55.7456,30.7533,43.47,90,100,5.5,light rain
579,Rojhan,PK,28.6868,69.9534,80.67,29,2,6.96,clear sky
580,Shelburne,CA,44.0787,-80.2041,35.01,72,94,16.55,overcast clouds
581,Umea,SE,63.8284,20.2597,37.4,75,0,8.05,clear sky
582,Garowe,SO,8.4054,48.4845,79.97,65,44,15.73,scattered clouds
583,Ayagoz,KZ,47.9714,80.4392,28.2,42,17,2.89,few clouds
584,Karpogory,RU,64.0019,44.4451,43.39,64,100,14.67,overcast clouds
585,Hofn,IS,64.2539,-15.2082,41.0,65,20,3.44,few clouds
586,Soanierana Ivongo,MG,-16.9167,49.5833,74.21,92,100,5.37,light rain
587,Itainopolis,BR,-7.4469,-41.4783,84.06,61,96,5.12,overcast clouds
588,Torri Di Quartesolo,IT,45.525,11.6123,55.99,79,88,1.74,overcast clouds
589,Saint-Francois,FR,46.4154,3.9054,51.8,71,0,4.61,clear sky
590,Cootehill,IE,54.0725,-7.0819,42.15,93,13,6.82,few clouds
591,Ashqelon,IL,31.6693,34.5715,64.99,100,100,7.96,overcast clouds
592,Nambiyur,IN,11.3667,77.3333,78.8,89,20,9.22,haze
593,Lodja,CD,-3.4833,23.4333,68.83,97,95,2.42,overcast clouds
594,Asyut,EG,27.181,31.1837,78.8,34,0,17.27,clear sky
595,Keti Bandar,PK,24.1447,67.4497,81.05,70,0,13.15,clear sky
596,Kathmandu,NP,27.7167,85.3167,60.8,72,40,2.3,scattered clouds
597,Nioro,GM,13.35,-15.75,84.61,34,59,12.12,broken clouds
598,High Rock,BS,26.6208,-78.2833,80.6,74,75,9.22,broken clouds
599,Tonekabon,IR,36.8163,50.8738,68.0,77,75,2.3,broken clouds
600,Ilave,PE,-16.0833,-69.6667,55.8,32,24,7.49,few clouds
601,Rawah,IQ,34.4816,41.9093,84.09,18,98,11.27,overcast clouds
602,Zavolzhsk,RU,57.4823,42.1378,37.76,90,100,6.15,light rain
603,Verkhnyaya Inta,RU,65.9811,60.3094,33.01,75,31,8.75,scattered clouds
604,Ingenbohl,CH,47.0046,8.6148,55.4,47,75,9.22,light rain
605,Brora,GB,58.0099,-3.8518,48.2,65,0,14.97,clear sky
606,Khor,RU,47.8861,134.9464,42.4,44,0,5.57,clear sky
607,La Libertad,EC,-2.2333,-80.9,82.4,69,0,9.22,clear sky
608,Wattegama,LK,6.7989,81.4808,74.44,90,100,1.74,overcast clouds
609,Kurkino,RU,53.4257,38.6582,39.63,91,100,5.88,overcast clouds
610,Minab,IR,27.1467,57.0801,77.0,69,2,6.91,haze
611,Dhidhdhoo,MV,6.8833,73.1,83.79,68,11,5.3,few clouds
612,Cumana,VE,10.4635,-64.1775,81.18,69,51,15.95,broken clouds
613,Makueni,KE,-1.8041,37.6203,65.03,87,54,1.77,broken clouds
614,Uzventis,LT,55.7803,22.6547,46.4,66,0,12.66,clear sky
615,Tete,MZ,-16.1564,33.5867,78.8,57,40,8.05,scattered clouds
616,Mundi,IN,22.0667,76.5,84.47,29,100,5.57,overcast clouds
617,Qandala,SO,11.472,49.8728,84.69,62,6,10.07,clear sky
618,Strezhevoy,RU,60.7333,77.5889,15.8,86,0,1.1,clear sky
619,Ouargaye,BF,11.5033,0.0572,94.44,33,100,9.75,overcast clouds
620,Lukovetskiy,RU,64.2956,41.9211,42.8,70,75,6.71,broken clouds
621,Ramhormoz,IR,31.28,49.6035,86.2,18,100,5.84,overcast clouds
622,Rosetta,EG,31.4044,30.4164,62.6,72,20,6.91,few clouds
623,Qurbus,TN,36.8167,10.5687,66.2,52,40,8.05,scattered clouds
624,Andros Town,BS,24.7,-77.7667,86.0,62,75,9.22,broken clouds
625,Soledade,BR,-28.8183,-52.5103,72.34,46,2,6.6,clear sky
626,Tervel,BG,43.75,27.4,54.0,89,5,8.3,clear sky
627,Mikhaylovka,RU,50.06,43.2379,43.0,92,23,1.01,few clouds
628,Cabedelo,BR,-6.9811,-34.8339,82.4,78,0,9.22,clear sky
629,Bonoua,CI,5.2741,-3.595,84.2,84,20,10.36,few clouds
630,Alice Town,BS,25.7167,-79.3,79.52,81,100,15.1,overcast clouds
631,Bahia Honda,CU,22.9036,-83.1592,82.63,66,100,6.64,light rain
632,Svolvaer,NO,68.2342,14.5683,36.0,64,75,6.91,broken clouds
633,Mwene-Ditu,CD,-7.0,23.45,67.46,95,100,0.54,overcast clouds
634,Druzhba,UA,52.0428,33.9453,38.62,94,78,8.52,broken clouds
635,Necochea,AR,-38.5473,-58.7368,73.99,55,0,11.01,clear sky
636,Ogulin,HR,45.2661,15.2286,48.2,93,0,5.77,clear sky
637,Atasu,KZ,48.6814,71.6433,37.26,63,37,7.76,scattered clouds
638,Oil City,US,41.4339,-79.7064,39.0,60,90,13.8,overcast clouds
639,Mokshan,RU,53.4365,44.6132,45.0,69,92,10.0,overcast clouds
640,Guatire,VE,10.4762,-66.5427,84.2,51,40,8.05,scattered clouds
641,Ivanteyevka,RU,55.9711,37.9208,41.0,81,0,8.95,light rain
642,Ibicarai,BR,-14.865,-39.5875,82.4,78,75,3.44,broken clouds
643,Barra,BR,-11.0894,-43.1417,77.13,74,99,2.82,overcast clouds
644,Felipe Carrillo Puerto,MX,19.5833,-88.05,93.79,42,59,4.81,broken clouds
645,Kuloy,RU,61.0305,42.4925,36.19,96,100,11.72,light rain
646,Chernogolovka,RU,56.0,38.3667,41.0,81,0,6.71,light rain
647,Eskil,TR,38.4017,33.4131,55.29,45,3,8.25,clear sky
648,Cururupu,BR,-1.8283,-44.8683,77.86,90,89,2.53,overcast clouds
649,Butembo,CD,0.15,29.2833,58.17,97,100,2.15,overcast clouds
650,Hammerfest,NO,70.6634,23.6821,35.6,75,75,6.91,broken clouds
651,Miranda De Ebro,ES,42.6865,-2.947,55.4,76,40,9.22,scattered clouds
652,Voka,EE,59.3997,27.5817,39.72,80,81,6.87,broken clouds
653,Asuncion,PY,-25.3007,-57.6359,87.01,48,0,9.22,clear sky
654,Surt,LY,31.2089,16.5887,66.02,58,0,19.33,clear sky
655,Olafsvik,IS,64.8945,-23.7142,42.22,84,100,5.91,overcast clouds
656,Linhares,BR,-19.3911,-40.0722,76.05,73,19,7.34,few clouds
657,Ambilobe,MG,-13.2,49.05,76.82,69,100,7.38,overcast clouds
658,Cordoba,AR,-31.4135,-64.1811,62.01,77,90,13.8,overcast clouds
659,Bar-Le-Duc,FR,48.75,5.1667,59.0,51,0,5.75,clear sky
660,Tibati,CM,6.4667,12.6333,69.06,90,88,2.46,light rain
661,Xai-Xai,MZ,-25.0519,33.6442,69.01,90,0,6.31,clear sky
662,Celje,SI,46.2309,15.2604,48.0,76,0,5.01,clear sky
663,Lesnyye Polyany,RU,55.9667,37.8667,41.0,81,0,8.95,light rain
664,Bedele,ET,8.456,36.353,62.24,54,92,3.74,overcast clouds
665,Colares,PT,38.7992,-9.4469,61.0,88,75,8.05,broken clouds
666,Kudahuvadhoo,MV,2.6708,72.8944,82.04,70,9,6.02,clear sky
667,Bingol,TR,38.8847,40.4939,58.69,61,100,5.12,overcast clouds
668,Benghazi,LY,32.1167,20.0667,64.74,49,0,14.67,clear sky
669,Somerset East,ZA,-32.7217,25.588,63.68,59,89,2.73,overcast clouds
670,Villa Carlos Paz,AR,-31.4241,-64.4978,62.01,77,90,13.8,overcast clouds
671,Tucurui,BR,-3.7661,-49.6725,79.97,89,82,3.11,broken clouds
672,Laurel,US,39.0993,-76.8483,55.99,43,40,19.57,scattered clouds
673,Romulus,US,42.2223,-83.3966,44.6,39,90,17.27,overcast clouds
674,Kamina,CD,-8.7386,24.9906,65.19,94,100,2.19,light rain
675,Zhezkazgan,KZ,47.8043,67.7144,39.49,50,0,6.2,clear sky
676,Maxixe,MZ,-23.8597,35.3472,69.8,94,20,5.14,few clouds
677,Uige,AO,-7.6087,15.0613,67.91,93,97,3.38,light rain
678,Kimamba,TZ,-6.7833,37.1333,71.6,100,75,2.91,broken clouds
679,Tabou,CI,4.423,-7.3528,81.93,80,100,8.7,overcast clouds
680,Novyy Urengoy,RU,66.0833,76.6333,23.13,93,89,10.6,overcast clouds
681,Sisimiut,GL,66.9395,-53.6735,32.47,76,61,5.03,broken clouds
682,Raahe,FI,64.6833,24.4833,41.0,56,0,3.44,clear sky
683,Asfi,MA,32.2994,-9.2372,63.16,79,98,14.88,overcast clouds
684,Ghanzi,BW,-21.5667,21.7833,63.64,40,0,8.03,clear sky
685,Port Shepstone,ZA,-30.7414,30.455,70.11,83,54,11.77,broken clouds
686,Muyezerskiy,RU,63.9333,31.65,34.47,99,100,3.96,light snow
687,Sao Joao Do Piaui,BR,-8.3581,-42.2467,83.64,58,100,5.41,overcast clouds
688,Petropavlovka,RU,50.6114,105.3196,26.73,88,100,4.03,light snow
689,General Roca,AR,-39.0333,-67.5833,69.8,49,20,4.61,few clouds
690,Yanaul,RU,56.2719,54.9309,45.09,51,100,10.83,light rain
691,Mwadui,TZ,-3.55,33.6,68.18,78,100,6.96,overcast clouds
692,Nioki,CD,-2.7167,17.6833,72.59,91,44,2.39,scattered clouds
693,Baghdad,IQ,33.3406,44.4009,84.2,30,0,6.91,clear sky
694,Kaabong,UG,3.4836,34.1492,66.83,74,99,6.22,light rain
695,Diego De Almagro,CL,-26.3667,-70.05,74.79,22,1,11.7,clear sky
696,San Alberto,CO,7.7611,-73.3922,88.75,62,97,2.28,overcast clouds
697,Vieques,PR,18.425,-65.8329,84.2,65,20,21.85,few clouds
698,Brae,GB,60.3964,-1.353,44.6,65,90,12.66,overcast clouds
699,Jumla,NP,29.2747,82.1838,39.79,89,100,5.82,light rain
700,Mount Pleasant,US,32.7941,-79.8626,84.0,26,20,14.97,few clouds
701,Springbok,ZA,-29.6643,17.8865,64.71,45,0,2.04,clear sky
702,Akureyri,IS,65.6835,-18.0878,46.4,53,20,14.97,few clouds
703,Glazov,RU,58.1394,52.6584,43.57,54,100,10.92,overcast clouds
704,Ouro Preto Do Oeste,BR,-10.7481,-62.2158,81.57,85,87,4.29,overcast clouds
705,Usinsk,RU,65.9939,57.5281,34.34,89,99,10.58,overcast clouds
706,Ndele,CF,8.4109,20.6473,80.22,48,62,4.36,light rain
707,Paramonga,PE,-10.6667,-77.8333,71.4,79,15,9.15,few clouds
